@Cities=(
Abidjan,
Adana,
Agen,
Aix,
Aix-la-Chapelle,
Ajaccio,
Albanie,
Albi,
Albuquerque,
Alençon,
Alep,
Alexandrie,
Alger,
Alès,
Ambert,
Ambroise,
Amiens,
Amman,
Amsterdam,
Ancône,
Angers,
Ankara,
Saint-Pétersbourg,
Annecy,
Antananarivo,
Antibes,
Anvers,
Aoste,
Arcachon,
Arcueil,
Arles,
Arras,
Assise,
Athènes,
Atlanta,
Auch,
Aurillac,
Austerlitz,
Autun,
Auxerre,
Avignon,
Avranches,
Babylone,
Bagdad,
Bagneux,
Bahia,
Baltimore,
Bamako,
Bangkok,
Bangui,
Barcelone,
Bastia,
Baule,
Bayonne,
Beaune,
Beauvais,
Beijing,
Belfort,
Belgrade,
Benghazi,
Bergame,
Bergerac,
Berkeley,
Berlin,
Berne,
Besançon,
Bethléem,
Beyrouth,
Bienne,
Birmingham,
Bissau,
Blois,
Bologne,
Bologne,
Bolzano,
Bombay,
Bondy,
Bordeaux,
Boston,
Bouaké,
Bougainville,
Boulogne,
Bourget,
Brasilia,
Bratislava,
Brazzaville,
Brest,
Brive,
Bruges,
Bruxelles,
Brême,
Bujumbura,
Byzance,
Bâle,
Béziers,
Cabourg,
Cadarache,
Caen,
Cahors,
Caire,
Cambrai,
Cannes,
Capoue,
Caracas,
Carcassonne,
Carpentras,
Carrare,
Carthage,
Casablanca,
Cayenne,
Chang-hai,
Changhaï,
Charleville-Mézières,
Chartres,
Cherbourg,
Chevreuse,
Chicago,
Chinatown,
Châteaurenard,
Clamart,
Clamecy,
Cleveland,
Cluny,
Coblence,
Colmar,
Cologne,
Compiègne,
Conakry,
Confolens,
Constance,
Constantinople,
Copenhague,
Corbeil-Essonnes,
Cordoue,
Corinthe,
Cotonou,
Cracovie,
Creil,
Creusot,
Créteil,
Curaçao,
Côme,
Dakar,
Damas,
Dayton,
Dax,
Deauville,
Dehli,
Denver,
Dieppe,
Digoin,
Dijon,
Djakarta,
N'Djamena,
Djeddah,
Djibouti,
Domfront,
Douai,
Dourdan,
Douvres,
Dresde,
Dublin,
Dunkerque,
Epinal,
Eupen,
Evreux,
Evry,
Florence,
Foix,
Fontainebleau,
Fontenay,
Formose,
Fort-de-France,
Franceville,
Francfort,
Francfort-sur-le-Main,
Fribourg,
Gafsa,
Gand,
Genève,
Granville,
Grenade,
Grenoble,
Grignon,
Guatemala,
Guérande,
Gênes,
Hambourg,
Hanoi,
Hanovre,
Hanoï,
Havre,
Haye,
Helsinki,
Hollywood,
Honfleur,
Honolulu,
Houston,
Issy,
Istanbul,
Iéna,
Jalalabad,
Jakarta,
Jarnac,
Johannesburg,
Joinville,
Jouy,
Juliers,
Jérusalem,
Kaboul,
Karachi,
Kasserine,
Khartoum,
Kigali,
Kikwit,
Kourou,
Lacq,
Lambaréné,
Lamentin,
Landerneau,
Lannion,
Laon,
Laval,
Leningrad,
Leyde,
Libourne,
Libreville,
Lille,
Lima,
Limoges,
Lisbonne,
Livourne,
Liège,
Lomé,
Londres,
Longwy,
Louisville,
Louvain,
Lucerne,
Lusignan,
Lutèce,
Luxembourg,
Lyon,
Macao,
Macon,
Madrid,
Madura,
Madère,
Malines,
Manille,
Mans,
Mantes-la-jolie,
Mantoue,
Maputo,
Marseille,
Maubeuge,
Mayence,
Melun,
Metz,
Meudon,
Mexico,
Miami,
Milan,
Millau,
Modane,
Mogadiscio,
Moissac,
Monaco,
Mont-de-Marsan,
Montauban,
Montdidier,
Monte-Carlo,
Montevideo,
Montpellier,
Montreuil,
Montrouge,
Montréal,
Morlaix,
Moscou,
Moulineaux,
Mulhouse,
Munich,
Munster,
Mycènes,
Nancy,
Nanterre,
Nantes,
Nanteuil-le-haudouin,
Naples,
Narbonne,
Nemours,
Neuilly-en-thelle,
Nevers,
New-York,
Newark,
Newport,
Niamey,
Nice,
Nimes,
Niort,
Nogent,
Nontron,
Nouméa,
Nouvelle-Orléans,
Nuremberg,
Nîmes,
Odessa,
Olympie,
Oléron,
Oran,
Orlando,
Orly,
Orléans,
Orsay,
Osaka,
Oslo,
Ottawa,
Ouagadougou,
Oxbridge,
Padoue,
Palerme,
Pampelune,
Panam,
Panama,
Papeete,
Paris,
Parme,
Pau,
Pergame,
Pernambouc,
Perpignan,
Persée,
Philadelphie,
Pise,
Pittsburgh,
Pleven,
Plogoff,
Poitiers,
Pompéi,
Pontarlier,
Pornic,
Porto-Rico,
Prague,
Pékin,
Périgueux,
Péronne,
Quimper,
Quito,
Québec,
Rabah,
Rambouillet,
Rangoon,
Ratisbonne,
Ravenne,
Redon,
Reims,
Rennes,
Riad,
Rio,
Roanne,
Roissy,
Rome,
Rotterdam,
Rouen,
Royat,
Rueil,
Rungis,
Ryad,
Récife,
Saclay,
Saigon,
Saint-Jacques-de-Compostelle,
Saint-Malo,
Saint-Nazaire,
Saint-Quentin,
Sainte-Menehould,
Salamanque,
Sandouville,
Santiago,
Sarlat,
Sarrebruck,
Sarreguemines,
Saumur,
Saverne,
Seattle,
Seltz,
Senlis,
Sens,
Shanghai,
Sienne,
Singapour,
Soissons,
Soleure,
Sparte,
Spire,
Stanford,
Stockholm,
Strasbourg,
Sète,
Talence,
Tananarive,
Tarbes,
Tbilissi,
Tel-Aviv,
Thann,
Thionville,
Thèbes,
Tokyo,
Tolède,
Tombouctou,
Toronto,
Toulon,
Toulouse,
Tourcoing,
Tournus,
Tours,
Trente,
Trieste,
Tripoli,
Troie,
Troyes,
Trèves,
Tunis,
Téhéran,
Ténériffe,
Valence,
Vancouver,
Varsovie,
Vaux,
Vendôme,
Venise,
Venise,
Verdun,
Versailles,
Vesoul,
Vichy,
Vienne,
Villefranche-sur-Saône,
Villeurbanne,
Vincennes,
Vitry-le-François,
Washington,
Waterloo,
Yaoundé,
Zurich,
Zürich,
Achères,
Alfortville,
Andrésy,
Antony,
Arcueil,
Argenteuil,
Arpajon,
Asnières,
Aubervilliers,
Bagneux,
Bagnolet,
Bailly-Romainvilliers,
Bezons,
Bobigny,
Bondoufle,
Bondy,
Boulogne-Billancourt,
Cachan,
Cergy,
Champcueil,
Chartrettes,
Chaville,
Chelles,
Clamart,
Clichy,
Collégien,
Colombes,
Corbeil-Essonnes,
Coupvray,
Courbevoie,
Courcouronnes,
Courdimanche,
Creil,
Créteil,
Drancy,
Draveil,
Egly,
Elancourt,
Emerainville,
Eragny,
Evry,
Fosses,
Franconville,
Fresnes,
Gagny,
Garches,
Gennevilliers,
Gentilly,
Goussainville,
Grigny,
Guérard,
Guyancourt,
Hautefeuille,
Lieusaint,
Livry-Gargan,
Lormont,
Lognes,
Louveciennes,
Malakoff,
Marcoussis,
Massy,
Meaux,
Melun,
Mériel,
Meudon,
Moissy-Cramayel,
Montevrain,
Montfermeil,
Montmagny,
Montrouge,
Nangis,
Nanterre,
Noisiel,
Osny,
Orly,
Orsay,
Palaiseau,
Pantin,
Passy,
Pierrelaye,
Poissy,
Pontoise,
Puteaux,
Rambouillet,
Rocquencourt,
Romainville,
Sartrouville,
Sceaux,
Sénart,
Serris,
Sevran,
Sèvres,
Stains,
Suresnes,
Survilliers,
Thiais,
Torcy,
Trappes,
Valenton,
Vanves,
Vaujours,
Vélizy,
Villacoublais,
Versailles,
Villecresnes,
Villejuif,
Villemomble,
Villepinte,
Villepreux,
Villetaneuse,
Wissous,
Rieu-Sec,
Séville,
Séoul,
Naplouse,
Garonor,
Chantilly,
Clairefontaine,
Chamonix,
Nangarhar,
Toamasina,
Glasgow,
Uruzgan,
Hébron,
Roye,
Luzarches,
Clermont,
Ramallah,
Mortefontaine,
Dubaï,
Bègles,
Bellegarde,
Sangatte,
Saint-Cloud,
Chambéry,
Vitrolles,
Sarajevo,
Sapporo,
Saint-Raphaël,
)
